{"name":"t:sections.footer.name","type":"footer","sections":{"ss_glow_testimonial_W3TMbz":{"type":"ss-glow-testimonial","blocks":{"image_aA9cmW":{"type":"Image","settings":{"review_icon":"shopify:\/\/shop_images\/checklists.png","review_text":"עדנה מגבעתיים - החנות שלכם מדהימה שירות נתיב מאוד ממליצה לכולם❤️","review_rating":5}},"image_Xh6kL4":{"type":"Image","settings":{"review_icon":"shopify:\/\/shop_images\/checklists.png","review_text":"חן מחולון - משלוח מהיר ומוצרים זולים❤️","review_rating":5}},"image_GdGkht":{"type":"Image","settings":{"review_icon":"shopify:\/\/shop_images\/checklists.png","review_text":"חיים מירושלים - קניתי לנכדים שלי מוצרים זולים וחווית משלוח מהירה","review_rating":5}},"image_Gy8Kch":{"type":"Image","settings":{"review_icon":"shopify:\/\/shop_images\/checklists.png","review_text":"רועי מבת ים - שירות מהיר ומקצועי","review_rating":5}},"image_xWJCx6":{"type":"Image","settings":{"review_icon":"shopify:\/\/shop_images\/checklists.png","review_text":"אלרועי מגן יבנה - ממש אהבתי את החנות העיצוב יפה ומוצרים איכותיים","review_rating":5}},"image_UCRQDM":{"type":"Image","settings":{"review_icon":"shopify:\/\/shop_images\/checklists.png","review_text":"נוי מאשקלון - אתם מדהימים תודה רבה לכם!😍😍","review_rating":5}},"image_7JG4Vb":{"type":"Image","settings":{"review_icon":"shopify:\/\/shop_images\/checklists.png","review_text":"יוסף מכפר מנדה - متجر جيد جدا","review_rating":5}},"image_6Va8Ji":{"type":"Image","settings":{"review_icon":"shopify:\/\/shop_images\/checklists.png","review_text":"מאי מקריית שמונה - מפונה מתחילת המלחמה הדובון פה עודד אותי מאוד תודה רבה לכם","review_rating":5}},"image_tQzaNn":{"type":"Image","settings":{"review_icon":"shopify:\/\/shop_images\/checklists.png","review_text":"ספיר מעפולה - שירות מדהים ממליצה בחום","review_rating":5}},"image_VkhLxL":{"type":"Image","settings":{"review_icon":"shopify:\/\/shop_images\/checklists.png","review_text":"דניאל מפתח תקווה -  הזמנתי את הדובון חשבתי החנות מפוקפקת הגיעה מאוד מהר תודה רבה לכם","review_rating":5}},"image_UP9jAK":{"type":"Image","settings":{"review_icon":"shopify:\/\/shop_images\/checklists.png","review_text":"יורי מפתח תקווה - דוב יפה מאוד, חמוד ורך. מתנה נהדרת לחברה של ילד, הגיעה במהירות ללא בעיות. עצה! גם אני פקפקתי בחנות, חשבתי שהיא לא אמינה, אבל הכל הלך הפוך בעל החנות הגיב במהירות ועזר. אני ממליץ!!","review_rating":5}},"image_ax3pHC":{"type":"Image","settings":{"review_icon":"shopify:\/\/shop_images\/checklists.png","review_text":"ניצן מאופקים - פרסמות מטיקטוק מדהימה הקשר עם השירות מהיר מאוד והמשלוח ממש מהיר ממליץ לכולם בחום!","review_rating":5}},"image_8WH9dk":{"type":"Image","settings":{"review_icon":"shopify:\/\/shop_images\/checklists.png","review_text":"עדן משדרות - חנות מדהימה שירות על רמה משלוחים מהירים תודה לכם","review_rating":5}},"image_7z3xEp":{"type":"Image","settings":{"review_icon":"shopify:\/\/shop_images\/checklists.png","review_text":"ליאת מעופרה - דובי נושם שעזר לילד שלי סוף סוף הוא נרדם","review_rating":5}},"image_TywGjy":{"type":"Image","settings":{"review_icon":"shopify:\/\/shop_images\/checklists.png","review_text":"עמית מחיפה - קניתי לבת הזוג לשבועות היא מאוד אהבה את הדובי","review_rating":5}},"image_xUP43Q":{"type":"Image","settings":{"review_icon":"shopify:\/\/shop_images\/checklists.png","review_text":"אביתר מבאר שבע - מתנה לאחותי לשבועות תודה רבה על שילוח מהיר","review_rating":5}},"image_TjQWrf":{"type":"Image","settings":{"review_icon":"shopify:\/\/shop_images\/checklists.png","review_text":"גבריאלה מחריש - השירות היה מדהים המוצר הגיע מושלם ובול כמו של האתר ואני מאוד מרוצה מהקנייה ומודה מאוד לצוות שענה לי על כל השאלות ועזר לי 🫶🏻","review_rating":5}}},"block_order":["image_aA9cmW","image_Xh6kL4","image_GdGkht","image_Gy8Kch","image_xWJCx6","image_UCRQDM","image_7JG4Vb","image_6Va8Ji","image_tQzaNn","image_VkhLxL","image_UP9jAK","image_ax3pHC","image_8WH9dk","image_7z3xEp","image_TywGjy","image_xUP43Q","image_TjQWrf"],"settings":{"animation_time":1,"loop_amount":6,"header_before_gradient":"הלקוחות שלנו","header_gradient":"אוהבים","header":"את המוצרים","header_color":"#000000","header_font_size":52,"header_mob_font_size":32,"review_font_size":14,"review_font_color":"#000000","gradient_color_1":"#4222de","gradient_color_2":"#65b3ff","gradient_color_3":"#7ff6e8","blur_color":"#65b3ff","background-color":"#ffffff","padding_top":28,"padding_bottom":20}},"ss_text_block_re3qt3":{"type":"ss-text-block","blocks":{"text_X6BjCf":{"type":"text","settings":{"heading":"<h1><strong>לקוחות חדשים שהצטרפו למשפחה❤️<\/strong><\/h1>","color":"#121212","font_size":80,"richtext":"<h2>גם אתם רוצים להופיע כאן? תרכשו מוצר מהחנות שלנו , תשיארו תגובה לאחרת קבלת המוצר ואולי תמצאו את עצמכם כאן על המסך<\/h2>","richtext_color":"#121212","richtext_font_size":23}},"button_7V9VMM":{"type":"button","settings":{"button_text":"הצטרפו למשפחת דובילי","button_link":"shopify:\/\/products\/the-breathing-teddy","color":"#ffffff","background_color":"#121212","border_radius":"40px","font_size":20}}},"block_order":["text_X6BjCf","button_7V9VMM"],"settings":{"padding_header":0,"padding_button":0,"background-color":"#ffffff","padding_top":36,"padding_bottom":36,"section-width":90}},"footer":{"type":"footer","blocks":{"link_list_YJVLrL":{"type":"link_list","settings":{"heading":"<strong>קצת עלינו<\/strong>","menu":"link-list-2"}},"image_Grgmd3":{"type":"image","settings":{"image":"shopify:\/\/shop_images\/fe130ff7892d4b8dee82f8930184c292_1d20e1fa-5ee8-4bc8-b2a6-ee30ae0f072a.png","image_width":230,"alignment":"center"}},"link_list":{"type":"link_list","settings":{"heading":"<strong>מידע<\/strong>","menu":"footer"}}},"block_order":["link_list_YJVLrL","image_Grgmd3","link_list"],"settings":{"color_scheme":"scheme-4","newsletter_enable":false,"newsletter_heading":"Subscribe to our emails","enable_follow_on_shop":true,"show_social":true,"enable_country_selector":false,"enable_language_selector":false,"payment_enable":true,"show_policy":false,"margin_top":16,"padding_top":24,"padding_bottom":0}}},"order":["ss_glow_testimonial_W3TMbz","ss_text_block_re3qt3","footer"]}