{"sections":{"cart-items":{"type":"main-cart-items","settings":{"color_scheme":"scheme-2","padding_top":36,"padding_bottom":36}},"cart-footer":{"type":"main-cart-footer","blocks":{"subtotal":{"type":"subtotal","settings":{}},"buttons":{"type":"buttons","settings":{}}},"block_order":["subtotal","buttons"],"settings":{"color_scheme":"scheme-2","padding_top":40,"padding_bottom":40}},"featured-collection":{"type":"featured-collection","settings":{"title":"More industry favorites","heading_size":"h2","description":"","show_description":false,"description_style":"body","collection":"","products_to_show":10,"columns_desktop":5,"full_width":false,"show_view_all":false,"view_all_style":"solid","enable_desktop_slider":true,"color_scheme":"scheme-1","image_ratio":"adapt","image_shape":"default","show_secondary_image":false,"show_vendor":false,"show_rating":false,"quick_add":"bulk","columns_mobile":"2","swipe_on_mobile":true,"padding_top":28,"padding_bottom":24}}},"order":["cart-items","cart-footer","featured-collection"]}