{"sections":{"image_banner_U9cGWj":{"type":"image-banner","blocks":{"heading_MNFG4B":{"type":"heading","settings":{"heading":"פה תהיה תמונה יפה","heading_size":"h1"}},"text_cyyU7q":{"type":"text","settings":{"text":"בלה בלה בלה משהו יפה","text_style":"subtitle"}},"buttons_DPx88d":{"type":"buttons","settings":{"button_label_1":"הצטרפו למשפחת דובילי","button_link_1":"","button_style_secondary_1":false,"button_label_2":"","button_link_2":"","button_style_secondary_2":true}}},"block_order":["heading_MNFG4B","text_cyyU7q","buttons_DPx88d"],"settings":{"image_overlay_opacity":0,"image_height":"medium","desktop_content_position":"middle-center","show_text_box":true,"desktop_content_alignment":"center","color_scheme":"","image_behavior":"none","mobile_content_alignment":"center","stack_images_on_mobile":true,"show_text_below":false}},"rich_text_dciDq7":{"type":"rich-text","blocks":{"heading_7wyMFL":{"type":"heading","settings":{"heading":"למה לבחור ב - <strong>Doobily<\/strong>","heading_size":"h1"}}},"block_order":["heading_7wyMFL"],"settings":{"desktop_content_position":"center","content_alignment":"center","color_scheme":"","full_width":true,"padding_top":40,"padding_bottom":52}},"multicolumn1":{"type":"multicolumn","blocks":{"column9":{"type":"column","settings":{"image":"shopify:\/\/shop_images\/fast-delivery.png","title":"<strong>משלוח חינם לכל רחבי הארץ<\/strong>","text":"<h4>עקב המצב המדיני דאגנו לכם למשלוחים חינם לכל רחבי הארץ<\/h4>","link_label":"","link":""}},"column10":{"type":"column","settings":{"image":"shopify:\/\/shop_images\/love.png","title":"<strong>שירות מקצועי ומהיר<\/strong>","text":"<h4>הצוות המסור שלנו תמיד מוכן לסייע ולספק את חווית הקניה הטובה ביותר ללקוח<\/h4>","link_label":"","link":""}},"column7":{"type":"column","settings":{"image":"shopify:\/\/shop_images\/unlock.png","title":"<strong>אתר מאובטח ומוצפן<\/strong>","text":"<h4>האתר שלנו מאובטח על ידי חברות הסליקה הטובות והמוכרות בישראל<\/h4>","link_label":"","link":""}},"column8":{"type":"column","settings":{"image":"shopify:\/\/shop_images\/cashback.png","title":"<strong>14 ימי ניסיון<\/strong>","text":"<h4>אם נגרם נזק\/המוצר נפגם במהלך ה14 ימים מקבלת המוצר פנו אלינו וקבלו החזר כספי מלא!<\/h4>","link_label":"","link":""}}},"block_order":["column9","column10","column7","column8"],"settings":{"title":"","heading_size":"h2","image_width":"third","image_ratio":"adapt","columns_desktop":4,"column_alignment":"center","background_style":"primary","button_label":"","button_link":"","color_scheme":"scheme-2","columns_mobile":"1","swipe_on_mobile":true,"padding_top":4,"padding_bottom":8}},"comparison_jNiPfY":{"type":"comparison","blocks":{"feature_JiRiAF":{"type":"feature","settings":{"title":"13,000 + לקוחות מרוצים","this_store":"yes","other_store":"no"}},"feature_76BQRE":{"type":"feature","settings":{"title":"משלוחים חינם","this_store":"yes","other_store":"no"}},"feature_gnX4xi":{"type":"feature","settings":{"title":"מחיר גבוהה","this_store":"no","other_store":"yes"}},"feature_CQCXYE":{"type":"feature","settings":{"title":"14 ימי ניסיון","this_store":"yes","other_store":"no"}},"feature_4iNTHQ":{"type":"feature","settings":{"title":"שירות לקוחות ברמה גבוהה","this_store":"yes","other_store":"no"}}},"block_order":["feature_JiRiAF","feature_76BQRE","feature_gnX4xi","feature_CQCXYE","feature_4iNTHQ"],"custom_css":[],"settings":{"bg_color":"#ffffff","table_bg":"#65b3ff","table_text":"#000000","title":"מה עושה אותנו מיוחדים","des":"<h3><strong>אחרי המון שינויים בעיצוב ואיכות המוצרים<\/strong><\/h3><h3><strong> הגענו למתכון המושלם ברמה הכי גבוהה וכמובן שירות לקוחות ברמה הכי איכותית. <br\/>וניתן לדעת בוודאות להגיד ש - Doobily זו הבחירה המושלמת עבורך!<\/strong><\/h3>","logo":"shopify:\/\/shop_images\/fe130ff7892d4b8dee82f8930184c292_1d20e1fa-5ee8-4bc8-b2a6-ee30ae0f072a.png","other":"Others","padding_top":56,"padding_bottom":56}}},"order":["image_banner_U9cGWj","rich_text_dciDq7","multicolumn1","comparison_jNiPfY"]}