{"sections":{"main":{"type":"main-page","disabled":true,"settings":{"padding_top":36,"padding_bottom":36}},"image_banner":{"type":"image-banner","settings":{"image":"shopify:\/\/shop_images\/Image_banner_2x_8.png","image_overlay_opacity":20,"image_height":"adapt","desktop_content_position":"middle-left","show_text_box":false,"desktop_content_alignment":"left","color_scheme":"","image_behavior":"none","mobile_content_alignment":"center","stack_images_on_mobile":true,"show_text_below":true}},"form":{"type":"contact-form","settings":{"heading":"Questions or comments? Get in touch and we'll be happy to help.","heading_size":"h2","color_scheme":"scheme-1","padding_top":36,"padding_bottom":36}}},"order":["main","image_banner","form"]}