{"current":{"logo":"shopify:\/\/shop_images\/fe130ff7892d4b8dee82f8930184c292_1d20e1fa-5ee8-4bc8-b2a6-ee30ae0f072a.png","logo_width":100,"type_header_font":"alegreya_sans_n5","heading_scale":100,"type_body_font":"alegreya_sans_n5","body_scale":100,"page_width":1400,"spacing_sections":0,"spacing_grid_horizontal":20,"spacing_grid_vertical":12,"animations_reveal_on_scroll":true,"animations_hover_elements":"3d-lift","buttons_border_thickness":1,"buttons_border_opacity":100,"buttons_radius":6,"buttons_shadow_opacity":100,"buttons_shadow_horizontal_offset":0,"buttons_shadow_vertical_offset":4,"buttons_shadow_blur":5,"variant_pills_border_thickness":1,"variant_pills_border_opacity":55,"variant_pills_radius":40,"variant_pills_shadow_opacity":0,"variant_pills_shadow_horizontal_offset":0,"variant_pills_shadow_vertical_offset":4,"variant_pills_shadow_blur":5,"inputs_border_thickness":1,"inputs_border_opacity":55,"inputs_radius":6,"inputs_shadow_opacity":0,"inputs_shadow_horizontal_offset":0,"inputs_shadow_vertical_offset":4,"inputs_shadow_blur":5,"card_style":"card","card_image_padding":12,"card_text_alignment":"left","card_color_scheme":"scheme-2","card_border_thickness":0,"card_border_opacity":10,"card_corner_radius":8,"card_shadow_opacity":0,"card_shadow_horizontal_offset":0,"card_shadow_vertical_offset":4,"card_shadow_blur":5,"collection_card_style":"card","collection_card_image_padding":0,"collection_card_text_alignment":"left","collection_card_color_scheme":"scheme-2","collection_card_border_thickness":0,"collection_card_border_opacity":10,"collection_card_corner_radius":8,"collection_card_shadow_opacity":0,"collection_card_shadow_horizontal_offset":0,"collection_card_shadow_vertical_offset":4,"collection_card_shadow_blur":5,"blog_card_style":"standard","blog_card_image_padding":0,"blog_card_text_alignment":"left","blog_card_color_scheme":"scheme-2","blog_card_border_thickness":0,"blog_card_border_opacity":10,"blog_card_corner_radius":8,"blog_card_shadow_opacity":0,"blog_card_shadow_horizontal_offset":0,"blog_card_shadow_vertical_offset":4,"blog_card_shadow_blur":5,"text_boxes_border_thickness":0,"text_boxes_border_opacity":10,"text_boxes_radius":8,"text_boxes_shadow_opacity":0,"text_boxes_shadow_horizontal_offset":0,"text_boxes_shadow_vertical_offset":4,"text_boxes_shadow_blur":5,"media_border_thickness":1,"media_border_opacity":5,"media_radius":8,"media_shadow_opacity":0,"media_shadow_horizontal_offset":0,"media_shadow_vertical_offset":4,"media_shadow_blur":5,"popup_border_thickness":1,"popup_border_opacity":10,"popup_corner_radius":8,"popup_shadow_opacity":5,"popup_shadow_horizontal_offset":0,"popup_shadow_vertical_offset":4,"popup_shadow_blur":5,"drawer_border_thickness":1,"drawer_border_opacity":10,"drawer_shadow_opacity":0,"drawer_shadow_horizontal_offset":0,"drawer_shadow_vertical_offset":4,"drawer_shadow_blur":5,"badge_position":"bottom left","badge_corner_radius":40,"sale_badge_color_scheme":"scheme-5","sold_out_badge_color_scheme":"scheme-3","brand_headline":"","brand_description":"","brand_image_width":100,"social_facebook_link":"https:\/\/www.facebook.com\/profile.php?id=61560558824128","social_instagram_link":"https:\/\/www.instagram.com\/DoobilyStore","social_youtube_link":"","social_tiktok_link":"https:\/\/tiktok.com\/@DoobilyStore","social_twitter_link":"","social_snapchat_link":"","social_pinterest_link":"","social_tumblr_link":"","social_vimeo_link":"","predictive_search_enabled":true,"predictive_search_show_vendor":false,"predictive_search_show_price":false,"currency_code_enabled":true,"cart_type":"notification","show_vendor":false,"show_cart_note":false,"cart_drawer_collection":"","cart_color_scheme":"scheme-1","sections":{"main-password-header":{"type":"main-password-header","settings":{"color_scheme":"scheme-1"}},"main-password-footer":{"type":"main-password-footer","settings":{"color_scheme":"scheme-1"}}},"content_for_index":[],"blocks":{"6632695976459450292":{"type":"shopify:\/\/apps\/sense-rtl\/blocks\/accessibility\/0048f14b-b7b8-430f-9cb5-12c4a6a11802","disabled":false,"settings":{}},"5134484470793087125":{"type":"shopify:\/\/apps\/vitals\/blocks\/app-embed\/aeb48102-2a5a-4f39-bdbd-d8d49f4e20b8","disabled":false,"settings":{}},"6143736321357441667":{"type":"shopify:\/\/apps\/tidio-live-chat-chatbots\/blocks\/app-embed\/1002274d-fb18-4939-98f6-5f05a8deeadc","disabled":false,"settings":{}},"15557474716127144420":{"type":"shopify:\/\/apps\/kaching-bundles\/blocks\/app-embed-block\/6c637362-a106-4a32-94ac-94dcfd68cdb8","disabled":false,"settings":{}},"8334663527071322832":{"type":"shopify:\/\/apps\/sense-rtl\/blocks\/sense-rtl\/0048f14b-b7b8-430f-9cb5-12c4a6a11802","disabled":false,"settings":{"rtl":true,"font":true,"button_buy_now":true,"custome_css":true,"footer_banners":true,"payment_banners":true}}},"color_schemes":{"scheme-1":{"settings":{"background":"#fdfdfd","background_gradient":"","text":"#000000","button":"#000000","button_label":"#ffffff","secondary_button_label":"#000000","shadow":"#000000"}},"scheme-2":{"settings":{"background":"#ffffff","background_gradient":"","text":"#262626","button":"#000000","button_label":"#ffffff","secondary_button_label":"#262626","shadow":"#001128"}},"scheme-3":{"settings":{"background":"#000000","background_gradient":"","text":"#262626","button":"#fdfdfd","button_label":"#262626","secondary_button_label":"#000000","shadow":"#001128"}},"scheme-4":{"settings":{"background":"#65b3ff","background_gradient":"","text":"#000000","button":"#ffffff","button_label":"#000000","secondary_button_label":"#ffffff","shadow":"#000000"}},"scheme-5":{"settings":{"background":"#ffffff","background_gradient":"","text":"#000000","button":"#b7aca2","button_label":"#262626","secondary_button_label":"#ffffff","shadow":"#001128"}},"scheme-0b113979-b4c8-40aa-8e36-32dfe1253af4":{"settings":{"background":"#fdfdfd","background_gradient":"","text":"#000000","button":"#000000","button_label":"#ffffff","secondary_button_label":"#000000","shadow":"#000000"}}}},"presets":{"Default":{"logo_width":70,"color_schemes":{"scheme-1":{"settings":{"background":"#f4f4f4","background_gradient":"","text":"#2b2c2d","button":"#b7aca2","button_label":"#262626","secondary_button_label":"#001128","shadow":"#001128"}},"scheme-2":{"settings":{"background":"#ffffff","background_gradient":"","text":"#262626","button":"#797068","button_label":"#ffffff","secondary_button_label":"#797572","shadow":"#001128"}},"scheme-3":{"settings":{"background":"#c2b7ac","background_gradient":"","text":"#262626","button":"#fdfdfd","button_label":"#262626","secondary_button_label":"#54483c","shadow":"#001128"}},"scheme-4":{"settings":{"background":"#1c2228","background_gradient":"","text":"#ffffff","button":"#ffffff","button_label":"#001128","secondary_button_label":"#ffffff","shadow":"#001128"}},"scheme-5":{"settings":{"background":"#323841","background_gradient":"","text":"#ffffff","button":"#b7aca2","button_label":"#262626","secondary_button_label":"#ffffff","shadow":"#001128"}}},"type_header_font":"dm_sans_n5","heading_scale":105,"type_body_font":"futura_n4","body_scale":100,"page_width":1200,"spacing_sections":0,"spacing_grid_horizontal":12,"spacing_grid_vertical":12,"animations_reveal_on_scroll":true,"animations_hover_elements":"default","buttons_border_thickness":1,"buttons_border_opacity":100,"buttons_radius":6,"buttons_shadow_opacity":0,"buttons_shadow_horizontal_offset":0,"buttons_shadow_vertical_offset":4,"buttons_shadow_blur":5,"variant_pills_border_thickness":1,"variant_pills_border_opacity":55,"variant_pills_radius":40,"variant_pills_shadow_opacity":0,"variant_pills_shadow_horizontal_offset":0,"variant_pills_shadow_vertical_offset":4,"variant_pills_shadow_blur":5,"inputs_border_thickness":1,"inputs_border_opacity":55,"inputs_radius":6,"inputs_shadow_opacity":0,"inputs_shadow_horizontal_offset":0,"inputs_shadow_vertical_offset":4,"inputs_shadow_blur":5,"card_style":"card","card_image_padding":12,"card_text_alignment":"left","card_color_scheme":"scheme-2","card_border_thickness":0,"card_border_opacity":10,"card_corner_radius":8,"card_shadow_opacity":0,"card_shadow_horizontal_offset":0,"card_shadow_vertical_offset":4,"card_shadow_blur":5,"collection_card_style":"card","collection_card_image_padding":0,"collection_card_text_alignment":"left","collection_card_color_scheme":"scheme-2","collection_card_border_thickness":0,"collection_card_border_opacity":10,"collection_card_corner_radius":8,"collection_card_shadow_opacity":0,"collection_card_shadow_horizontal_offset":0,"collection_card_shadow_vertical_offset":4,"collection_card_shadow_blur":5,"blog_card_style":"standard","blog_card_image_padding":0,"blog_card_text_alignment":"left","blog_card_color_scheme":"scheme-2","blog_card_border_thickness":0,"blog_card_border_opacity":10,"blog_card_corner_radius":8,"blog_card_shadow_opacity":0,"blog_card_shadow_horizontal_offset":0,"blog_card_shadow_vertical_offset":4,"blog_card_shadow_blur":5,"text_boxes_border_thickness":0,"text_boxes_border_opacity":10,"text_boxes_radius":8,"text_boxes_shadow_opacity":0,"text_boxes_shadow_horizontal_offset":0,"text_boxes_shadow_vertical_offset":4,"text_boxes_shadow_blur":5,"media_border_thickness":1,"media_border_opacity":5,"media_radius":8,"media_shadow_opacity":0,"media_shadow_horizontal_offset":0,"media_shadow_vertical_offset":4,"media_shadow_blur":5,"popup_border_thickness":1,"popup_border_opacity":10,"popup_corner_radius":8,"popup_shadow_opacity":5,"popup_shadow_horizontal_offset":0,"popup_shadow_vertical_offset":4,"popup_shadow_blur":5,"drawer_border_thickness":1,"drawer_border_opacity":10,"drawer_shadow_opacity":0,"drawer_shadow_horizontal_offset":0,"drawer_shadow_vertical_offset":4,"drawer_shadow_blur":5,"badge_position":"bottom left","badge_corner_radius":40,"sale_badge_color_scheme":"scheme-5","sold_out_badge_color_scheme":"scheme-3","brand_headline":"","brand_description":"<p><\/p>","brand_image_width":"100","social_facebook_link":"","social_instagram_link":"","social_youtube_link":"","social_tiktok_link":"","social_twitter_link":"","social_snapchat_link":"","social_pinterest_link":"","social_tumblr_link":"","social_vimeo_link":"","predictive_search_enabled":true,"predictive_search_show_vendor":false,"predictive_search_show_price":false,"currency_code_enabled":true,"cart_type":"notification","show_vendor":false,"show_cart_note":false,"cart_drawer_collection":"","cart_color_scheme":"scheme-1","sections":{"main-password-header":{"type":"main-password-header","settings":{"color_scheme":"scheme-1"}},"main-password-footer":{"type":"main-password-footer","settings":{"color_scheme":"scheme-1"}}},"content_for_index":[]}}}